"AkvP";"Aktivitätenart";"Aktivität";"Bezeichnung";"Druckgruppe";"Ressourcenart";"BRes/AltResGr";"ZME";"Rüstzeit";"ZEtr";"Stückzeit";"ZEte";"Rückmeldekennzeichen"
100;"Produktion";"TN-K-0006";"Kommissionierung 1-20 Teile";"";"Arbeitsplatz";"TN-1001";"E";1,00;"Min";0,50;"Min";"keine Rückmeldung (Ist = Soll)"
110;"Produktion";"TN-P-1001";"Kontrolle Kommissionierung 1-20 Teile";"";"Arbeitsplatz";"TN-1001";"E";0,00;"Min";5,00;"Min";"keine Rückmeldung (Ist = Soll)"
120;"Produktion";"TN-TR-1000";"Silikon/schaumstoff Abschneiden";"";"Arbeitsplatz";"TN-1002";"E";0,00;"Min";20,00;"Min";"keine Rückmeldung (Ist = Soll)"
130;"Produktion";"TN-TR-1004";"Kabelführung";"";"Arbeitsplatz";"TN-1002";"E";0,00;"Min";120,00;"Min";"keine Rückmeldung (Ist = Soll)"
140;"Produktion";"TN-P-1008";"Optisch Kontrolle";"";"Arbeitsplatz";"TN-1002";"E";0,00;"Min";5,00;"Min";"keine Rückmeldung (Ist = Soll)"
150;"Produktion";"TN-P-1009";"Widerstandskontrolle";"";"Arbeitsplatz";"TN-1002";"E";0,00;"Min";2,00;"Min";"keine Rückmeldung (Ist = Soll)"
160;"Produktion";"TN-FG-1000";"Silikon anbringen erste Schicht";"";"Arbeitsplatz";"TN-1002";"E";0,00;"Min";5,00;"Min";"keine Rückmeldung (Ist = Soll)"
180;"Produktion";"TN-FG-1001";"Anschlussplatinen einfügen";"";"Arbeitsplatz";"TN-1002";"E";0,00;"Min";2,00;"Min";"keine Rückmeldung (Ist = Soll)"
190;"Produktion";"TN-FG-1002";"Silikon anbringen zweite Schicht";"";"Arbeitsplatz";"TN-1002";"E";0,00;"Min";10,00;"Min";"keine Rückmeldung (Ist = Soll)"
200;"Produktion";"TN-P-1010";"HK Widerstandskontrolle";"";"Arbeitsplatz";"TN-1002";"E";0,00;"Min";1,00;"Min";"keine Rückmeldung (Ist = Soll)"
210;"Produktion";"TN-UM-1000";"Vulkanisierung mit der Presse";"";"Arbeitsplatz";"TN-1002";"E";0,00;"Min";10,00;"Min";"keine Rückmeldung (Ist = Soll)"
230;"Produktion";"TN-TR-1003";"Finisch  und kontur Schneiden";"";"Arbeitsplatz";"TN-1002";"E";0,00;"Min";30,00;"Min";"keine Rückmeldung (Ist = Soll)"
235;"Produktion";"TN-FG-1005";"Kabelende  abisolieren";"";"Arbeitsplatz";"TN-1002";"E";0,00;"Min";2,00;"Min";"keine Rückmeldung (Ist = Soll)"
238;"Produktion";"TN-UM-1001";"Aderendhülse  Krimpen";"";"Arbeitsplatz";"TN-1002";"E";0,00;"Min";2,00;"Min";"keine Rückmeldung (Ist = Soll)"
240;"Produktion";"TN-FG-1003";"Kabel löten";"";"Arbeitsplatz";"TN-1002";"E";0,00;"Min";2,00;"Min";"keine Rückmeldung (Ist = Soll)"
242;"Produktion";"TN-UM-1010";"Vulcanisation du T-Block";"";"Arbeitsplatz";"TN-1002";"E";0,00;"Min";5,00;"Min";"keine Rückmeldung (Ist = Soll)"
244;"Produktion";"TN-TR-1010";"Krimpen";"";"Arbeitsplatz";"TN-1002";"E";0,00;"Min";2,00;"Min";"keine Rückmeldung (Ist = Soll)"
246;"Produktion";"TN-UM-1003";"selbstklebefolie anbringen und Vulkanisierung";"";"Arbeitsplatz";"TN-1002";"E";0,00;"Min";20,00;"Min";"keine Rückmeldung (Ist = Soll)"
250;"Produktion";"TN-FG-1009";"Typenschild darauf kleben";"";"Arbeitsplatz";"TN-1002";"E";0,00;"Min";2,00;"Min";"keine Rückmeldung (Ist = Soll)"
260;"Produktion";"TN-P-1011";"Mechanische abmessungen überprüfen";"";"Arbeitsplatz";"TN-1002";"E";0,00;"Min";5,00;"Min";"keine Rückmeldung (Ist = Soll)"
270;"Produktion";"TN-P-1006";"Endkontrolle";"";"Arbeitsplatz";"TN-1011";"E";0,00;"Min";5,00;"Min";"keine Rückmeldung (Ist = Soll)"
280;"Produktion";"TN-V-1000";"Verpackung";"";"Arbeitsplatz";"TN-1002";"E";0,00;"Min";3,00;"Min";"keine Rückmeldung (Ist = Soll)"
999;"Fremdleistung";"TN-FREMD";"";"";"";"";"";?;"";?;"";"Produktion und Einkauf"
